"","MutantSequence","ReferenceSequence","SizeOfDeletion","NumberOfReads","MH_amount","MH_sequence","altMH_count"
"1","AGGCCTCTGATTCCTCACTGATTGCTCTTAGGTCTGGCCCCTCCTCAGCATCTTATCCGAGTGGAAGGAAATT-GCGTGTGGAGTATTTGGATGACAGAAACACTTTTCGACATAGTGTGGTGGTGCCCTA","AGGCCTCTGATTCCTCACTGATTGCTCTTAGGTCTGGCCCCTCCTCAGCATCTTATCCGAGTGGAAGGAAATTTGCGTGTGGAGTATTTGGATGACAGAAACACTTTTCGACATAGTGTGGTGGTGCCCTA",1,126,1,"T","0"
"2","AGGCCTCTGATTCCTCACTGATTGCTCTTAGGTCTGGCCC-TCCTCAGCATCTTATCCGAGTGGAAGGAAATTTGCGTGTGGAGTATTTGGATGACAGAAACACTTTTCGACATAGTGTGGTGGTGCCCTA","AGGCCTCTGATTCCTCACTGATTGCTCTTAGGTCTGGCCCCTCCTCAGCATCTTATCCGAGTGGAAGGAAATTTGCGTGTGGAGTATTTGGATGACAGAAACACTTTTCGACATAGTGTGGTGGTGCCCTA",1,108,1,"C","0"
"3","AGGCCTCTGATTCCTCACTGATTGCTCTTAGGTCTGGCCCCTCCTCAGCATCTTATCCGAGTGGAAGGAAATTTGCGTGTGGAGTATT-GGATGACAGAAACACTTTTCGACATAGTGTGGTGGTGCCCTA","AGGCCTCTGATTCCTCACTGATTGCTCTTAGGTCTGGCCCCTCCTCAGCATCTTATCCGAGTGGAAGGAAATTTGCGTGTGGAGTATTTGGATGACAGAAACACTTTTCGACATAGTGTGGTGGTGCCCTA",1,88,1,"T","0"
"4","AGGCCTCTGATTCCTCACTGATTGCTCTTAGGTCTGGCCCCTCCTCAGCATCT-ATCCGAGTGGAAGGAAATTTGCGTGTGGAGTATTTGGATGACAGAAACACTTTTCGACATAGTGTGGTGGTGCCCTA","AGGCCTCTGATTCCTCACTGATTGCTCTTAGGTCTGGCCCCTCCTCAGCATCTTATCCGAGTGGAAGGAAATTTGCGTGTGGAGTATTTGGATGACAGAAACACTTTTCGACATAGTGTGGTGGTGCCCTA",1,47,1,"T","0"
"5","AGGCCTCTGATTCCTCACTGATTGCTCTTAGGTCTGGCCCCTCCTCAGCATCTTATCCGAGTGGA-GGAAATTTGCGTGTGGAGTATTTGGATGACAGAAACACTTTTCGACATAGTGTGGTGGTGCCCTA","AGGCCTCTGATTCCTCACTGATTGCTCTTAGGTCTGGCCCCTCCTCAGCATCTTATCCGAGTGGAAGGAAATTTGCGTGTGGAGTATTTGGATGACAGAAACACTTTTCGACATAGTGTGGTGGTGCCCTA",1,38,1,"A","0"
"6","AGGCCTCTGATTCCTCACTGATTGCTCTTAGGTCTGGCCCCTCCTCAGCATCTTATCCGAGTGGAAGGAAATTTGCGTGTG-AGTATTTGGATGACAGAAACACTTTTCGACATAGTGTGGTGGTGCCCTA","AGGCCTCTGATTCCTCACTGATTGCTCTTAGGTCTGGCCCCTCCTCAGCATCTTATCCGAGTGGAAGGAAATTTGCGTGTGGAGTATTTGGATGACAGAAACACTTTTCGACATAGTGTGGTGGTGCCCTA",1,35,1,"G","0"
"7","AGGCCTCTGATTCCTCACTGATTGCTCTTAGGTCTGGCCCCTCCTCAGCATCTTATCCGAGTG-AAGGAAATTTGCGTGTGGAGTATTTGGATGACAGAAACACTTTTCGACATAGTGTGGTGGTGCCCTA","AGGCCTCTGATTCCTCACTGATTGCTCTTAGGTCTGGCCCCTCCTCAGCATCTTATCCGAGTGGAAGGAAATTTGCGTGTGGAGTATTTGGATGACAGAAACACTTTTCGACATAGTGTGGTGGTGCCCTA",1,22,1,"G","0"
"8","AGGCCTCTGATTCCTCACTGATTGCTCTTAGGTCTGGCCCCTCCTCAGCATCTTATCCGAGTGGAAGGAAATTTGCGTG--GAGTATTTGGATGACAGAAACACTTTTCGACATAGTGTGGTGGTGCCCTA","AGGCCTCTGATTCCTCACTGATTGCTCTTAGGTCTGGCCCCTCCTCAGCATCTTATCCGAGTGGAAGGAAATTTGCGTGTGGAGTATTTGGATGACAGAAACACTTTTCGACATAGTGTGGTGGTGCCCTA",2,11,2,"TG","0"
"9","AGGCCTCTGATTCCTCACTGATTGCTCTTAGGTCTGGCCCCTCCTCAGCATCTTATCCGAGTGGAAGGA-ATTTGCGTGTGGAGTATTTGGATGACAGAAACACTTTTCGACATAGTGTGGTGGTGCCCTA","AGGCCTCTGATTCCTCACTGATTGCTCTTAGGTCTGGCCCCTCCTCAGCATCTTATCCGAGTGGAAGGAAATTTGCGTGTGGAGTATTTGGATGACAGAAACACTTTTCGACATAGTGTGGTGGTGCCCTA",1,11,1,"A","0"
"10","AGGCCTCTGATTCCTCACTGATTGCTCTTAGGTCTGGCCCCTCCTCAGCATCTTATC-GAGTGGAAGGAAATTTGCGTGTGGAGTATTTGGATGACAGAAACACTTTTCGACATAGTGTGGTGGTGCCCTA","AGGCCTCTGATTCCTCACTGATTGCTCTTAGGTCTGGCCCCTCCTCAGCATCTTATCCGAGTGGAAGGAAATTTGCGTGTGGAGTATTTGGATGACAGAAACACTTTTCGACATAGTGTGGTGGTGCCCTA",1,9,1,"C","0"
"11","AGGCCTCTGATTCCTCACTGATTGCTCTTAGGTCTGGCCCCTCCTCAGCATCTTATCCGAGTGGAAGGAAATTTGCGTGTGGAGTATTTG-ATGACAGAAACACTTTTCGACATAGTGTGGTGGTGCCCTA","AGGCCTCTGATTCCTCACTGATTGCTCTTAGGTCTGGCCCCTCCTCAGCATCTTATCCGAGTGGAAGGAAATTTGCGTGTGGAGTATTTGGATGACAGAAACACTTTTCGACATAGTGTGGTGGTGCCCTA",1,9,1,"G","0"
"12","AGGCCTCTGATTCCTCACTGATTGCTCTTAGGTCTGGCCCCTC-TCAGCATCTTATCCGAGTGGAAGGAAATTTGCGTGTGGAGTATTTGGATGACAGAAACACTTTTCGACATAGTGTGGTGGTGCCCTA","AGGCCTCTGATTCCTCACTGATTGCTCTTAGGTCTGGCCCCTCCTCAGCATCTTATCCGAGTGGAAGGAAATTTGCGTGTGGAGTATTTGGATGACAGAAACACTTTTCGACATAGTGTGGTGGTGCCCTA",1,7,1,"C","0"
"13","AGGCCTCTGATTCCTCACTGATTGCTCTTAGGTCTGGCCCCTCCTCAGCATCTTATCCGAGTGGAAG-AAATTTGCGTGTGGAGTATTTGGATGACAGAAACACTTTTCGACATAGTGTGGTGGTGCCCTA","AGGCCTCTGATTCCTCACTGATTGCTCTTAGGTCTGGCCCCTCCTCAGCATCTTATCCGAGTGGAAGGAAATTTGCGTGTGGAGTATTTGGATGACAGAAACACTTTTCGACATAGTGTGGTGGTGCCCTA",1,4,1,"G","0"
"14","AGGCCTCTGATTCCTCACTGATTGCTCTTAGGTCTGGCCCCTCCTCAGCATCTTATCCGAGTGGAAGGAAATTTG--TGTGGAGTATTTGGATGACAGAAACACTTTTCGACATAGTGTGGTGGTGCCCTA","AGGCCTCTGATTCCTCACTGATTGCTCTTAGGTCTGGCCCCTCCTCAGCATCTTATCCGAGTGGAAGGAAATTTGCGTGTGGAGTATTTGGATGACAGAAACACTTTTCGACATAGTGTGGTGGTGCCCTA",2,4,1,"G","0"
"15","AGGCCTCTGATTCCTCACTGATTGCTCTTAGGTCTGGCCCCTCCTCAGCATCTTATCCGAGTGGAAGGAAATTTG----TGGAGTATTTGGATGACAGAAACACTTTTCGACATAGTGTGGTGGTGCCCTA","AGGCCTCTGATTCCTCACTGATTGCTCTTAGGTCTGGCCCCTCCTCAGCATCTTATCCGAGTGGAAGGAAATTTGCGTGTGGAGTATTTGGATGACAGAAACACTTTTCGACATAGTGTGGTGGTGCCCTA",4,4,2,"TG","0"
"16","AGGCCTCTGATTCCTCACTGATTGCTCTTAGGTCTGGCCCCTCCTCAGCATCTTATCCGAGTGGAAGGAAATTTG------GAGTATTTGGATGACAGAAACACTTTTCGACATAGTGTGGTGGTGCCCTA","AGGCCTCTGATTCCTCACTGATTGCTCTTAGGTCTGGCCCCTCCTCAGCATCTTATCCGAGTGGAAGGAAATTTGCGTGTGGAGTATTTGGATGACAGAAACACTTTTCGACATAGTGTGGTGGTGCCCTA",6,3,2,"TG","1"
"17","AGGCCTCTGATTCCTCACTGATTGCTCTTAGGTCTGGCCCCTCCTCAGCATCTTATCCGAGTGGA------------------GTATTTGGATGACAGAAACACTTTTCGACATAGTGTGGTGGTGCCCTA","AGGCCTCTGATTCCTCACTGATTGCTCTTAGGTCTGGCCCCTCCTCAGCATCTTATCCGAGTGGAAGGAAATTTGCGTGTGGAGTATTTGGATGACAGAAACACTTTTCGACATAGTGTGGTGGTGCCCTA",18,2,5,"GTGGA","0"
"18","AGGCCTCTGATTCCTCACTGATTGCTCTTAGGTCTGGCCCCTCCTCAGCATCTTATCCGAGTGGAAGGAAATTTGCG-----AGTATTTGGATGACAGAAACACTTTTCGACATAGTGTGGTGGTGCCCTA","AGGCCTCTGATTCCTCACTGATTGCTCTTAGGTCTGGCCCCTCCTCAGCATCTTATCCGAGTGGAAGGAAATTTGCGTGTGGAGTATTTGGATGACAGAAACACTTTTCGACATAGTGTGGTGGTGCCCTA",5,2,1,"G","2"
"19","AGGCCTCTGATTCCTCACTGATTGCTCTTAGGTCTGGCCCCTCCTCAGCATCTTATCCGAGTGGAAGGAAATTTGCGTGTGGAGTATTTGGATGACA--AACACTTTTCGACATAGTGTGGTGGTGCCCTA","AGGCCTCTGATTCCTCACTGATTGCTCTTAGGTCTGGCCCCTCCTCAGCATCTTATCCGAGTGGAAGGAAATTTGCGTGTGGAGTATTTGGATGACAGAAACACTTTTCGACATAGTGTGGTGGTGCCCTA",2,2,1,"A","0"
"20","AGGCCTCTGATTCCTCACTGATTGCTCTTAGGTCTGGCCCCTCCTCAGCATCTTATCCGAGTGGAAGGAAATTTGCGTGTGGAGTAT--GGATGACAGAAACACTTTTCGACATAGTGTGGTGGTGCCCTA","AGGCCTCTGATTCCTCACTGATTGCTCTTAGGTCTGGCCCCTCCTCAGCATCTTATCCGAGTGGAAGGAAATTTGCGTGTGGAGTATTTGGATGACAGAAACACTTTTCGACATAGTGTGGTGGTGCCCTA",2,2,1,"T","1"
"21","AGGCCTCTGATTCCTCACTGATTGCTCTTAGGTCTGGCCCCTCCTCAGCATCTTATCCGAGTGGAAGGAAATTTG---------------GATGACAGAAACACTTTTCGACATAGTGTGGTGGTGCCCTA","AGGCCTCTGATTCCTCACTGATTGCTCTTAGGTCTGGCCCCTCCTCAGCATCTTATCCGAGTGGAAGGAAATTTGCGTGTGGAGTATTTGGATGACAGAAACACTTTTCGACATAGTGTGGTGGTGCCCTA",15,2,5,"ATTTG","0"
"22","AGGCCTCTGATTCCTCGCTGATTGCTCTTAGGTCTGGCCCCTCCTCAGCATCTTATCCGAGTGGA-GGAAATTTGCGTGTGGAGTATTTGGATGACAGAAACACTTTTCGACATAGTGTGGTGGTGCCCTA","AGGCCTCTGATTCCTCACTGATTGCTCTTAGGTCTGGCCCCTCCTCAGCATCTTATCCGAGTGGAAGGAAATTTGCGTGTGGAGTATTTGGATGACAGAAACACTTTTCGACATAGTGTGGTGGTGCCCTA",1,1,1,"A","0"
"23","AGGCCTCTGATTCCTCACTGATTGCTCTTAGGTCTGGCCCCTCCTCAGCATCTTATCCGAGTGGAAGGA-------------AGTATTTGGATGACAGAAACACTTTTCGACATAGTGTGGTGGTGCCCTA","AGGCCTCTGATTCCTCACTGATTGCTCTTAGGTCTGGCCCCTCCTCAGCATCTTATCCGAGTGGAAGGAAATTTGCGTGTGGAGTATTTGGATGACAGAAACACTTTTCGACATAGTGTGGTGGTGCCCTA",13,1,1,"A","1"
"24","AGGCCTCTGATTCCTCACTGATTGCTCTTAGGTCTGGCCCCTCCTCAGCATCTTATCCGAGTGGAAGGAAAT--GCGTGTGGAGTATTTGGATGACAGAAACACTTTTCGACATAGTGTGGTGGTGCCCTA","AGGCCTCTGATTCCTCACTGATTGCTCTTAGGTCTGGCCCCTCCTCAGCATCTTATCCGAGTGGAAGGAAATTTGCGTGTGGAGTATTTGGATGACAGAAACACTTTTCGACATAGTGTGGTGGTGCCCTA",2,1,1,"T","1"
"25","AGGCCTCTGATTCCTCACTGATTGCTCTTAGGTCTGGCCCCTCCTCAGCATCTTATCCGAGTGGAAG-----------------TATTTGGATGACAGAAACACTTTTCGACATAGTGTGGTGGTGCCCTA","AGGCCTCTGATTCCTCACTGATTGCTCTTAGGTCTGGCCCCTCCTCAGCATCTTATCCGAGTGGAAGGAAATTTGCGTGTGGAGTATTTGGATGACAGAAACACTTTTCGACATAGTGTGGTGGTGCCCTA",17,1,2,"AG","0"
"26","CGGCCTCTGATTCCTCACTGATTGCTCTTAGGTCTGGCCCCTCCTCAGCATCTTATCCGAGTG-AAGGAAATTTGCGTGTGGAGTATTGGGATGACAGAAACACTTTTCGACATAGTGTGGTGGTGCCCTA","AGGCCTCTGATTCCTCACTGATTGCTCTTAGGTCTGGCCCCTCCTCAGCATCTTATCCGAGTGGAAGGAAATTTGCGTGTGGAGTATTTGGATGACAGAAACACTTTTCGACATAGTGTGGTGGTGCCCTA",1,1,1,"G","0"
"27","AGGCCTCTGATTCCTCACTGATTGCTCTTAGGTCTGGCCCCTCC--AGCATCTTATCCGAGTGGAAGGAAATTTGCGTGTGGAGTATTTGGATGACAGAAACACTTTTCGACATAGTGTGGTGGTGCCCTA","AGGCCTCTGATTCCTCACTGATTGCTCTTAGGTCTGGCCCCTCCTCAGCATCTTATCCGAGTGGAAGGAAATTTGCGTGTGGAGTATTTGGATGACAGAAACACTTTTCGACATAGTGTGGTGGTGCCCTA",2,1,1,"C","0"
"28","AGGCCTCTGATTCCTCACTGATTGCTCTTAGGTCTGGCCC-TCCTCAGCATCTTATCCGAGTGGAAGGAAATTTGCGTGCGGAGTATTTGGATGACAGAAACACTTTTCGACATAGTGTGGTGGTGCCCTA","AGGCCTCTGATTCCTCACTGATTGCTCTTAGGTCTGGCCCCTCCTCAGCATCTTATCCGAGTGGAAGGAAATTTGCGTGTGGAGTATTTGGATGACAGAAACACTTTTCGACATAGTGTGGTGGTGCCCTA",1,1,1,"C","0"
"29","AGGCCTCTGATTCCTCACTGATTGCTCTTAGGTCTGGCCCCTCCTCAGCATCTTATC-GAGTGGAAGGAAATTTGCGTGTGGAGTATTTGGATGACAGAAACACTTTTAGACATAGTGTGGTGGTGCCCTA","AGGCCTCTGATTCCTCACTGATTGCTCTTAGGTCTGGCCCCTCCTCAGCATCTTATCCGAGTGGAAGGAAATTTGCGTGTGGAGTATTTGGATGACAGAAACACTTTTCGACATAGTGTGGTGGTGCCCTA",1,1,1,"C","0"
"30","AGGCCTCTGATTCCTCACTGATTGCTCTTAGGTCTGGCCCCTCCTCAGCATCTTATCCGAGTGGAAGGAAATTTGCGTGTGGAGTATT-GGATGACAGAAACACTTTTCGACATAGTGTGGTGGTGACCTA","AGGCCTCTGATTCCTCACTGATTGCTCTTAGGTCTGGCCCCTCCTCAGCATCTTATCCGAGTGGAAGGAAATTTGCGTGTGGAGTATTTGGATGACAGAAACACTTTTCGACATAGTGTGGTGGTGCCCTA",1,1,1,"T","0"
"31","AGGCCTCTGATTCCTCACTGATTGCTCTTAGGTCTGGCCCCTCCTCAGCATCTTATCCGAGTGGAAGGAAATTTGCGTGTGGAGTATTTG-ATGACAGAAACACTTTTCGACATAGTGTGGTGGTGCCTA","AGGCCTCTGATTCCTCACTGATTGCTCTTAGGTCTGGCCCCTCCTCAGCATCTTATCCGAGTGGAAGGAAATTTGCGTGTGGAGTATTTGGATGACAGAAACACTTTTCGACATAGTGTGGTGGTGCCCT",1,1,1,"G","0"
"32","AGGCCTCTGATTCCTCACTGATTGCTCTTAGGTCTGGCCCCTCCTCAGCATCTTATCCGAGTGGAAGGAAATTTGCGTGTGGAGTATT-GGATGACAGAAACACTTTTCGACATAGTGTGGTGGTGCCTA","AGGCCTCTGATTCCTCACTGATTGCTCTTAGGTCTGGCCCCTCCTCAGCATCTTATCCGAGTGGAAGGAAATTTGCGTGTGGAGTATTTGGATGACAGAAACACTTTTCGACATAGTGTGGTGGTGCCCT",1,1,1,"T","0"
"33","AGGCCTCTGATTCCTCACTGATTGGTCTTAGGTCTGGCCC-TCCTCAGCATCTTATCCGAGTGGAAGGAAATTTGCGTGTGGAGTATTTGGATGACAGAAACACTTTTCGACATAGTGTGGTGGTTCCCTA","AGGCCTCTGATTCCTCACTGATTGCTCTTAGGTCTGGCCCCTCCTCAGCATCTTATCCGAGTGGAAGGAAATTTGCGTGTGGAGTATTTGGATGACAGAAACACTTTTCGACATAGTGTGGTGGTGCCCTA",1,1,1,"C","0"
"34","AGGCCTCTGATTCCTCACTGATTGCTCTTAGGTCTGGCCCCTCCTCAGCATCTTATCCGAGTGGAAGGAAATTTG-------------------ACAGAAACACTTTTCGACATAGTGTGGTGGTGCCCTA","AGGCCTCTGATTCCTCACTGATTGCTCTTAGGTCTGGCCCCTCCTCAGCATCTTATCCGAGTGGAAGGAAATTTGCGTGTGGAGTATTTGGATGACAGAAACACTTTTCGACATAGTGTGGTGGTGCCCTA",19,1,2,"TG","3"
"35","AGGCCTCTGATTCCTCACTGATTGCTCTTAGGTCTGGCCCCTCCTCAGCATCTTATCCGAGTGGAAGGAAATT-GCGTGTGGAGTATTTGGATGACATAAACACTTTTCGACATAGTGTGGTGGTGCCCTA","AGGCCTCTGATTCCTCACTGATTGCTCTTAGGTCTGGCCCCTCCTCAGCATCTTATCCGAGTGGAAGGAAATTTGCGTGTGGAGTATTTGGATGACAGAAACACTTTTCGACATAGTGTGGTGGTGCCCTA",1,1,1,"T","0"
"36","AGGCCTCTGATTCCTCACTGATTGCTCTTATGTCTGGCCCCTCCTCAGCATCTTATCCGAGTGGAAGGAAATTTGCGTGTG-AGTATTTGGATGACAGAAACACTTTTCGACATAGTGTGGTGGTGCCCTA","AGGCCTCTGATTCCTCACTGATTGCTCTTAGGTCTGGCCCCTCCTCAGCATCTTATCCGAGTGGAAGGAAATTTGCGTGTGGAGTATTTGGATGACAGAAACACTTTTCGACATAGTGTGGTGGTGCCCTA",1,1,1,"G","0"
"37","AGGCCTCTGATTCCTCACTGATTGCTCTTAGGTCTGGCCCCTCCTCAGCATCTTATCCGAGTGGAAGGA--------------GTATTTGGATGACAGAAACACTTTTCGACATAGTGTGGTGGTGCCCTA","AGGCCTCTGATTCCTCACTGATTGCTCTTAGGTCTGGCCCCTCCTCAGCATCTTATCCGAGTGGAAGGAAATTTGCGTGTGGAGTATTTGGATGACAGAAACACTTTTCGACATAGTGTGGTGGTGCCCTA",14,1,3,"GGA","0"
"38","AGGCCTCTGATTCCTCACTGATTGCTCTTAGGTCTGGCCC-TCCTCAGCATCTTATCCGAGTGGAAGGAAATTTGCGTGTGGAGTATTTGGATGACAGAAACACTTTTCGACATAGTGTGGTGGTGCCTA","AGGCCTCTGATTCCTCACTGATTGCTCTTAGGTCTGGCCCCTCCTCAGCATCTTATCCGAGTGGAAGGAAATTTGCGTGTGGAGTATTTGGATGACAGAAACACTTTTCGACATAGTGTGGTGGTGCCCT",1,1,1,"C","0"
"39","AGGCCTCTGATTCCTCACTGATTGCTCTTAGGTCTGGCCCCTCCTCAGCATCTTATCCGAGTGGAAGGAAATT-GCGTGTGGAGTATTCGGATGACAGAAACACTTTTCGACATAGTGTGGTGGTGCCCTA","AGGCCTCTGATTCCTCACTGATTGCTCTTAGGTCTGGCCCCTCCTCAGCATCTTATCCGAGTGGAAGGAAATTTGCGTGTGGAGTATTTGGATGACAGAAACACTTTTCGACATAGTGTGGTGGTGCCCTA",1,1,1,"T","0"
"40","AGGCCTCTGATTCCTCACTGATTGCTCTTAGGTCTGGCCCCTCCTCAGCATCTTATCCGAGTGGAAG--------CGTGTGGAGTATTTGGATGACAGAAACACTTTTCGACATAGTGTGGTGGTGCCCTA","AGGCCTCTGATTCCTCACTGATTGCTCTTAGGTCTGGCCCCTCCTCAGCATCTTATCCGAGTGGAAGGAAATTTGCGTGTGGAGTATTTGGATGACAGAAACACTTTTCGACATAGTGTGGTGGTGCCCTA",8,1,1,"G","1"
"41","AGGCCTCTGATTCCTCACTGATTGCTCTTAGGTCTGGCCCCTCCTCAGCATCTTATCCGAGTGGAAGGAAATTTGCGTGTGGAGTATTTGGATGA--GAAACACTTTTCGACATAGTGTGGTGGTGCCCTA","AGGCCTCTGATTCCTCACTGATTGCTCTTAGGTCTGGCCCCTCCTCAGCATCTTATCCGAGTGGAAGGAAATTTGCGTGTGGAGTATTTGGATGACAGAAACACTTTTCGACATAGTGTGGTGGTGCCCTA",2,1,1,"A","0"
"42","AGGCCTCTGAGTCCTCACTGATTGCTCTTAGGTCTGGCCCCTCCTCAGCATCTTATCCGAGTGGAAGGAAATTTGCGTGTGGAGTATT-GGATGACAGAAACACTTTTCGACATAGTGTGGTGGTGCCCTA","AGGCCTCTGATTCCTCACTGATTGCTCTTAGGTCTGGCCCCTCCTCAGCATCTTATCCGAGTGGAAGGAAATTTGCGTGTGGAGTATTTGGATGACAGAAACACTTTTCGACATAGTGTGGTGGTGCCCTA",1,1,1,"T","0"
"43","AGGCCTCTGATTCCTCACTGATTGCTCTTAGGTCTGGCCC-TCCTCAGCATCTTATCCGAGTGGGAGGAAATTTGCGTGTGGAGTATTTGGATGACAGAAACACTTTTCGACATAGTGTGGTGGTGCCCTA","AGGCCTCTGATTCCTCACTGATTGCTCTTAGGTCTGGCCCCTCCTCAGCATCTTATCCGAGTGGAAGGAAATTTGCGTGTGGAGTATTTGGATGACAGAAACACTTTTCGACATAGTGTGGTGGTGCCCTA",1,1,1,"C","0"
